



[ { "fields" : { "month" : 2,
        "day" : 2,
        "temperature" : "23.56",
		"rainfall" : "234.56",
		"city" : "Kapsabet",
		"state" : "Nandi"
      },
    "model" : "equality.DailyWeather",
    "pk" : 1
  },
  
  { "fields" : { "month" : 2,
        "day" : 2,
        "temperature" : "23.56",
		"rainfall" : "234.56",
		"city" : "Nkubu",
		"state" : "Meru"
      },
    "model" : "equality.DailyWeather",
    "pk" : 2
  },
  
  { "fields" : { "month" : 2,
        "day" : 2,
        "temperature" : "24.56",
		"rainfall" : "2434.56",
		"city" : "Kitale",
		"state" : "Trans Nzoia"
      },
    "model" : "equality.DailyWeather",
    "pk" : 3
  },
  
  { "fields" : { "month" : 2,
        "day" : 2,
        "temperature" : "22.56",
		"rainfall" : "2034.56",
		"city" : "Keroka",
		"state" : "Kisii"
      },
    "model" : "equality.DailyWeather",
    "pk" : 4
  },
  
  { "fields" : { "month" : 2,
        "day" : 2,
        "temperature" : "25.56",
		"rainfall" : "1734.56",
		"city" : "Dagoretti",
		"state" : "Nairobi"
      },
    "model" : "equality.DailyWeather",
    "pk" : 5
  },
  
  { "fields" : { "month" : 2,
        "day" : 2,
        "temperature" : "23.56",
		"rainfall" : "2134.56",
		"city" : "Eldoret",
		"state" : "Uasin Gishu"
      },
    "model" : "equality.DailyWeather",
    "pk" : 6
  },
  
  { "fields" : { "month" : 2,
        "day" : 2,
        "temperature" : "29.56",
		"rainfall" : "734.56",
		"city" : "Funyula",
		"state" : "Busia"
      },
    "model" : "equality.DailyWeather",
    "pk" : 7
  },
  
  { "fields" : { "month" : 2,
        "day" : 2,
        "temperature" : "33.56",
		"rainfall" : "2234.56",
		"city" : "Diani",
		"state" : "Mombasa"
      },
    "model" : "equality.DailyWeather",
    "pk" : 8
  },
  
 { "fields" : { "month" : 2,
        "day" : 2,
        "temperature" : "30.51",
		"rainfall" : "145.78",
		"city" : "Maralal",
		"state" : "Laikipia"
      },
    "model" : "equality.DailyWeather",
    "pk" : 9
  },
  
    { "fields" : { "month" : 2,
        "day" : 2,
        "temperature" : "20.45",
		"rainfall" : "1234.56",
		"city" : "Londiani",
		"state" : "Kericho"
      },
    "model" : "equality.DailyWeather",
    "pk" : 10
  }
 
]



